Datetime,Open,High,Low,Close,Volume,Dividends,Stock Splits
2021-06-09 09:15:00+05:30,3843.199951171875,3908.5,3841.0,3904.10009765625,0,0,0
2021-06-09 09:20:00+05:30,3905.0,3906.0,3875.0,3883.60009765625,54645,0,0
2021-06-09 09:25:00+05:30,3884.949951171875,3888.050048828125,3869.050048828125,3876.0,25782,0,0
2021-06-09 09:30:00+05:30,3876.050048828125,3892.5,3874.050048828125,3888.050048828125,15593,0,0
2021-06-09 09:35:00+05:30,3888.25,3900.0,3880.0,3900.0,17374,0,0
2021-06-09 09:40:00+05:30,3898.14990234375,3920.0,3898.14990234375,3916.5,45736,0,0
2021-06-09 09:45:00+05:30,3916.89990234375,3955.050048828125,3915.35009765625,3937.14990234375,58534,0,0
2021-06-09 09:50:00+05:30,3938.0,3941.10009765625,3928.64990234375,3941.0,16085,0,0
2021-06-09 09:55:00+05:30,3938.5,3954.35009765625,3935.25,3946.050048828125,20327,0,0
2021-06-09 10:00:00+05:30,3946.050048828125,3947.0,3930.0,3932.550048828125,14142,0,0
2021-06-09 10:05:00+05:30,3932.550048828125,3940.0,3930.10009765625,3938.0,9466,0,0
2021-06-09 10:10:00+05:30,3937.60009765625,3939.0,3930.050048828125,3933.60009765625,7622,0,0
2021-06-09 10:15:00+05:30,3934.699951171875,3938.60009765625,3923.25,3928.300048828125,7962,0,0
2021-06-09 10:20:00+05:30,3927.75,3935.0,3926.75,3932.0,7838,0,0
2021-06-09 10:25:00+05:30,3932.0,3933.949951171875,3922.0,3925.050048828125,6319,0,0
2021-06-09 10:30:00+05:30,3923.39990234375,3930.85009765625,3923.39990234375,3925.699951171875,4687,0,0
2021-06-09 10:35:00+05:30,3925.699951171875,3928.89990234375,3922.0,3923.0,3876,0,0
2021-06-09 10:40:00+05:30,3924.0,3930.0,3924.0,3925.0,4880,0,0
2021-06-09 10:45:00+05:30,3925.0,3926.0,3917.75,3921.949951171875,11958,0,0
2021-06-09 10:50:00+05:30,3922.800048828125,3939.60009765625,3920.0,3936.5,14677,0,0
2021-06-09 10:55:00+05:30,3938.050048828125,3965.0,3937.60009765625,3965.0,34770,0,0
2021-06-09 11:00:00+05:30,3965.0,3966.85009765625,3950.64990234375,3957.800048828125,23544,0,0
2021-06-09 11:05:00+05:30,3955.5,3960.0,3950.0,3951.0,11168,0,0
2021-06-09 11:10:00+05:30,3950.5,3952.800048828125,3947.0,3949.949951171875,7259,0,0
2021-06-09 11:15:00+05:30,3948.449951171875,3949.89990234375,3930.0,3936.0,13013,0,0
2021-06-09 11:20:00+05:30,3936.0,3940.5,3934.0,3940.0,9751,0,0
2021-06-09 11:25:00+05:30,3940.0,3943.449951171875,3926.0,3928.5,10857,0,0
2021-06-09 11:30:00+05:30,3926.25,3937.449951171875,3926.0,3932.10009765625,9277,0,0
2021-06-09 11:35:00+05:30,3934.25,3949.0,3930.39990234375,3937.39990234375,10794,0,0
2021-06-09 11:40:00+05:30,3939.85009765625,3942.75,3932.0,3936.300048828125,5143,0,0
2021-06-09 11:45:00+05:30,3935.0,3940.10009765625,3932.5,3932.5,5096,0,0
2021-06-09 11:50:00+05:30,3934.199951171875,3939.0,3926.0,3934.39990234375,64990,0,0
2021-06-09 11:55:00+05:30,3934.39990234375,3936.949951171875,3930.699951171875,3933.85009765625,3597,0,0
2021-06-09 12:00:00+05:30,3933.85009765625,3933.85009765625,3927.14990234375,3933.0,4289,0,0
2021-06-09 12:05:00+05:30,3931.85009765625,3935.0,3930.10009765625,3935.0,2717,0,0
2021-06-09 12:10:00+05:30,3935.0,3942.0,3934.050048828125,3936.050048828125,7674,0,0
2021-06-09 12:15:00+05:30,3937.0,3940.0,3931.10009765625,3935.0,4200,0,0
2021-06-09 12:20:00+05:30,3932.949951171875,3934.550048828125,3929.39990234375,3932.699951171875,1890,0,0
2021-06-09 12:25:00+05:30,3931.10009765625,3934.89990234375,3928.35009765625,3932.550048828125,3755,0,0
2021-06-09 12:30:00+05:30,3932.89990234375,3932.89990234375,3928.85009765625,3930.85009765625,2159,0,0
2021-06-09 12:35:00+05:30,3930.949951171875,3933.949951171875,3929.050048828125,3932.89990234375,1596,0,0
2021-06-09 12:40:00+05:30,3932.89990234375,3935.75,3929.050048828125,3931.199951171875,3401,0,0
2021-06-09 12:45:00+05:30,3931.199951171875,3935.0,3915.0,3924.35009765625,24729,0,0
2021-06-09 12:50:00+05:30,3923.949951171875,3928.0,3918.050048828125,3922.10009765625,8113,0,0
2021-06-09 12:55:00+05:30,3924.60009765625,3934.0,3922.10009765625,3932.5,2808,0,0
2021-06-09 13:00:00+05:30,3932.5,3933.0,3919.5,3925.0,8215,0,0
2021-06-09 13:05:00+05:30,3923.199951171875,3926.300048828125,3906.10009765625,3910.0,15348,0,0
2021-06-09 13:10:00+05:30,3911.5,3911.5,3882.699951171875,3884.89990234375,29435,0,0
2021-06-09 13:15:00+05:30,3884.949951171875,3915.35009765625,3870.0,3905.60009765625,38869,0,0
2021-06-09 13:20:00+05:30,3905.60009765625,3913.949951171875,3885.949951171875,3910.35009765625,18739,0,0
2021-06-09 13:25:00+05:30,3912.550048828125,3915.89990234375,3906.35009765625,3915.0,9276,0,0
2021-06-09 13:30:00+05:30,3914.699951171875,3915.0,3895.0,3902.300048828125,8793,0,0
2021-06-09 13:35:00+05:30,3902.10009765625,3924.0,3902.0,3923.800048828125,7904,0,0
2021-06-09 13:40:00+05:30,3923.800048828125,3924.0,3903.0,3904.10009765625,11089,0,0
2021-06-09 13:45:00+05:30,3904.10009765625,3905.0,3903.0,3905.0,5030,0,0
2021-06-09 13:50:00+05:30,3904.0,3905.64990234375,3895.050048828125,3901.449951171875,13893,0,0
2021-06-09 13:55:00+05:30,3900.050048828125,3904.0,3886.0,3894.0,15299,0,0
2021-06-09 14:00:00+05:30,3894.0,3903.35009765625,3890.0,3894.949951171875,7170,0,0
2021-06-09 14:05:00+05:30,3892.60009765625,3903.0,3892.60009765625,3895.0,7406,0,0
2021-06-09 14:10:00+05:30,3894.949951171875,3895.0,3885.0,3885.0,8916,0,0
2021-06-09 14:15:00+05:30,3885.050048828125,3895.0,3885.0,3891.60009765625,4967,0,0
2021-06-09 14:20:00+05:30,3891.199951171875,3892.35009765625,3874.300048828125,3879.699951171875,9154,0,0
2021-06-09 14:25:00+05:30,3879.10009765625,3881.550048828125,3865.0,3865.5,14788,0,0
2021-06-09 14:30:00+05:30,3866.550048828125,3870.0,3850.0,3850.0,24479,0,0
2021-06-09 14:35:00+05:30,3850.0,3866.60009765625,3850.0,3854.60009765625,20315,0,0
2021-06-09 14:40:00+05:30,3856.0,3864.0,3850.10009765625,3853.39990234375,13021,0,0
2021-06-09 14:45:00+05:30,3854.550048828125,3855.0,3840.60009765625,3853.949951171875,15744,0,0
2021-06-09 14:50:00+05:30,3852.64990234375,3866.25,3851.35009765625,3854.949951171875,15034,0,0
2021-06-09 14:55:00+05:30,3855.0,3855.0,3841.39990234375,3845.300048828125,9267,0,0
2021-06-09 15:00:00+05:30,3847.699951171875,3855.0,3845.050048828125,3851.0,6559,0,0
2021-06-09 15:05:00+05:30,3849.449951171875,3855.0,3847.85009765625,3851.5,11599,0,0
2021-06-09 15:10:00+05:30,3851.5,3856.0,3850.10009765625,3852.10009765625,22155,0,0
2021-06-09 15:15:00+05:30,3852.10009765625,3854.0,3840.5,3846.550048828125,19114,0,0
2021-06-09 15:20:00+05:30,3846.550048828125,3850.0,3838.050048828125,3839.699951171875,19685,0,0
2021-06-09 15:25:00+05:30,3839.85009765625,3848.550048828125,3833.050048828125,3848.550048828125,6711,0,0
2021-06-10 09:15:00+05:30,3878.75,3918.699951171875,3874.60009765625,3911.60009765625,0,0,0
2021-06-10 09:20:00+05:30,3910.35009765625,3913.699951171875,3904.300048828125,3909.050048828125,9959,0,0
2021-06-10 09:25:00+05:30,3909.050048828125,3912.0,3890.949951171875,3906.199951171875,12818,0,0
2021-06-10 09:30:00+05:30,3908.0,3932.0,3901.550048828125,3931.35009765625,15263,0,0
2021-06-10 09:35:00+05:30,3929.0,3936.0,3918.699951171875,3926.14990234375,12195,0,0
2021-06-10 09:40:00+05:30,3928.5,3928.699951171875,3919.449951171875,3924.550048828125,5096,0,0
2021-06-10 09:45:00+05:30,3926.14990234375,3930.0,3921.64990234375,3927.85009765625,4364,0,0
2021-06-10 09:50:00+05:30,3930.0,3936.0,3925.949951171875,3928.85009765625,8524,0,0
2021-06-10 09:55:00+05:30,3931.550048828125,3933.14990234375,3923.050048828125,3924.800048828125,4162,0,0
2021-06-10 10:00:00+05:30,3924.39990234375,3940.0,3922.25,3931.050048828125,9535,0,0
2021-06-10 10:05:00+05:30,3934.0,3939.0,3932.89990234375,3937.0,3496,0,0
2021-06-10 10:10:00+05:30,3937.0,3938.0,3926.0,3929.800048828125,3236,0,0
2021-06-10 10:15:00+05:30,3929.60009765625,3934.449951171875,3929.60009765625,3931.64990234375,1587,0,0
2021-06-10 10:20:00+05:30,3931.25,3932.199951171875,3922.300048828125,3929.0,4042,0,0
2021-06-10 10:25:00+05:30,3929.0,3930.0,3925.0,3926.0,1668,0,0
2021-06-10 10:30:00+05:30,3926.550048828125,3928.35009765625,3920.0,3921.199951171875,5033,0,0
2021-06-10 10:35:00+05:30,3921.25,3921.89990234375,3915.10009765625,3917.550048828125,3620,0,0
2021-06-10 10:40:00+05:30,3918.800048828125,3920.39990234375,3917.550048828125,3919.60009765625,2530,0,0
2021-06-10 10:45:00+05:30,3918.050048828125,3919.699951171875,3912.0,3915.050048828125,3742,0,0
2021-06-10 10:50:00+05:30,3914.75,3928.0,3913.85009765625,3925.60009765625,3872,0,0
2021-06-10 10:55:00+05:30,3924.949951171875,3928.050048828125,3919.5,3922.25,2201,0,0
2021-06-10 11:00:00+05:30,3921.949951171875,3923.64990234375,3913.300048828125,3916.0,2962,0,0
2021-06-10 11:05:00+05:30,3916.050048828125,3918.75,3906.0,3907.199951171875,3626,0,0
2021-06-10 11:10:00+05:30,3910.5,3913.0,3907.14990234375,3910.35009765625,2433,0,0
2021-06-10 11:15:00+05:30,3910.39990234375,3913.300048828125,3908.10009765625,3913.300048828125,1342,0,0
2021-06-10 11:20:00+05:30,3912.0,3921.89990234375,3912.0,3920.0,2101,0,0
2021-06-10 11:25:00+05:30,3919.0,3936.60009765625,3919.0,3935.0,6311,0,0
2021-06-10 11:30:00+05:30,3935.39990234375,3939.0,3915.0,3915.89990234375,7207,0,0
2021-06-10 11:35:00+05:30,3915.050048828125,3915.050048828125,3900.5,3901.800048828125,9251,0,0
2021-06-10 11:40:00+05:30,3901.10009765625,3906.199951171875,3896.300048828125,3897.550048828125,10311,0,0
2021-06-10 11:45:00+05:30,3897.449951171875,3908.0,3897.449951171875,3900.050048828125,4141,0,0
2021-06-10 11:50:00+05:30,3900.0,3902.25,3897.550048828125,3900.0,4411,0,0
2021-06-10 11:55:00+05:30,3899.949951171875,3902.699951171875,3894.800048828125,3898.39990234375,7598,0,0
2021-06-10 12:00:00+05:30,3897.60009765625,3904.0,3897.60009765625,3899.14990234375,4853,0,0
2021-06-10 12:05:00+05:30,3899.60009765625,3901.449951171875,3888.64990234375,3890.550048828125,5628,0,0
2021-06-10 12:10:00+05:30,3890.60009765625,3893.0,3890.60009765625,3891.60009765625,2398,0,0
2021-06-10 12:15:00+05:30,3891.64990234375,3899.0,3890.5,3898.800048828125,2204,0,0
2021-06-10 12:20:00+05:30,3898.800048828125,3903.699951171875,3890.300048828125,3892.0,2431,0,0
2021-06-10 12:25:00+05:30,3892.449951171875,3897.699951171875,3892.199951171875,3892.949951171875,939,0,0
2021-06-10 12:30:00+05:30,3892.949951171875,3896.39990234375,3892.89990234375,3896.14990234375,763,0,0
2021-06-10 12:35:00+05:30,3895.25,3899.949951171875,3894.699951171875,3899.949951171875,773,0,0
2021-06-10 12:40:00+05:30,3897.75,3899.85009765625,3890.0,3890.050048828125,1552,0,0
2021-06-10 12:45:00+05:30,3890.10009765625,3895.89990234375,3890.0,3895.550048828125,1497,0,0
2021-06-10 12:50:00+05:30,3895.550048828125,3898.0,3892.0,3892.449951171875,590,0,0
2021-06-10 12:55:00+05:30,3892.949951171875,3895.550048828125,3891.449951171875,3892.85009765625,854,0,0
2021-06-10 13:00:00+05:30,3892.75,3894.89990234375,3891.199951171875,3894.449951171875,810,0,0
2021-06-10 13:05:00+05:30,3892.35009765625,3898.64990234375,3892.35009765625,3894.85009765625,1617,0,0
2021-06-10 13:10:00+05:30,3894.89990234375,3898.0,3894.85009765625,3895.0,785,0,0
2021-06-10 13:15:00+05:30,3894.85009765625,3909.39990234375,3893.300048828125,3903.449951171875,7920,0,0
2021-06-10 13:20:00+05:30,3903.39990234375,3904.949951171875,3898.800048828125,3900.050048828125,5767,0,0
2021-06-10 13:25:00+05:30,3900.050048828125,3903.0,3895.0,3897.89990234375,4243,0,0
2021-06-10 13:30:00+05:30,3895.949951171875,3902.0,3895.949951171875,3900.0,1515,0,0
2021-06-10 13:35:00+05:30,3900.75,3901.85009765625,3897.64990234375,3898.89990234375,858,0,0
2021-06-10 13:40:00+05:30,3898.89990234375,3899.050048828125,3894.14990234375,3896.550048828125,1056,0,0
2021-06-10 13:45:00+05:30,3899.85009765625,3906.0,3895.050048828125,3898.25,4914,0,0
2021-06-10 13:50:00+05:30,3898.699951171875,3900.0,3896.39990234375,3896.39990234375,1010,0,0
2021-06-10 13:55:00+05:30,3896.300048828125,3900.0,3895.0,3895.800048828125,893,0,0
2021-06-10 14:00:00+05:30,3895.800048828125,3896.85009765625,3892.0,3892.10009765625,1223,0,0
2021-06-10 14:05:00+05:30,3892.050048828125,3900.0,3885.0,3896.89990234375,5802,0,0
2021-06-10 14:10:00+05:30,3896.89990234375,3909.0,3893.64990234375,3898.300048828125,5796,0,0
2021-06-10 14:15:00+05:30,3898.25,3901.800048828125,3896.199951171875,3900.0,1117,0,0
2021-06-10 14:20:00+05:30,3899.64990234375,3900.0,3898.35009765625,3898.550048828125,873,0,0
2021-06-10 14:25:00+05:30,3900.0,3904.75,3898.5,3899.25,3487,0,0
2021-06-10 14:30:00+05:30,3900.0,3906.14990234375,3897.0,3900.050048828125,3884,0,0
2021-06-10 14:35:00+05:30,3904.449951171875,3904.89990234375,3897.60009765625,3900.0,4914,0,0
2021-06-10 14:40:00+05:30,3902.300048828125,3902.300048828125,3897.0,3897.0,1393,0,0
2021-06-10 14:45:00+05:30,3897.5,3906.14990234375,3893.0,3897.050048828125,4831,0,0
2021-06-10 14:50:00+05:30,3897.14990234375,3898.89990234375,3894.0,3895.10009765625,2495,0,0
2021-06-10 14:55:00+05:30,3897.75,3897.75,3886.25,3886.300048828125,3971,0,0
2021-06-10 15:00:00+05:30,3887.699951171875,3893.800048828125,3887.699951171875,3892.35009765625,2911,0,0
2021-06-10 15:05:00+05:30,3891.300048828125,3894.85009765625,3891.0,3891.5,5300,0,0
2021-06-10 15:10:00+05:30,3891.0,3896.0,3890.5,3891.949951171875,5838,0,0
2021-06-10 15:15:00+05:30,3893.949951171875,3898.699951171875,3890.199951171875,3893.050048828125,11324,0,0
2021-06-10 15:20:00+05:30,3895.0,3900.0,3892.0,3898.0,24249,0,0
2021-06-10 15:25:00+05:30,3898.0,3903.0,3893.449951171875,3900.0,40521,0,0
2021-06-11 09:15:00+05:30,3916.75,3929.949951171875,3907.949951171875,3914.10009765625,0,0,0
2021-06-11 09:20:00+05:30,3916.39990234375,3928.0,3908.39990234375,3913.35009765625,10509,0,0
2021-06-11 09:25:00+05:30,3913.300048828125,3950.0,3911.0,3950.0,21438,0,0
2021-06-11 09:30:00+05:30,3949.050048828125,3979.0,3948.39990234375,3949.89990234375,48884,0,0
2021-06-11 09:35:00+05:30,3949.75,3951.75,3934.0,3949.800048828125,14403,0,0
2021-06-11 09:40:00+05:30,3949.699951171875,3954.5,3940.0,3950.0,7389,0,0
2021-06-11 09:45:00+05:30,3950.0,3953.75,3941.0,3952.0,5191,0,0
2021-06-11 09:50:00+05:30,3952.199951171875,3957.0,3947.39990234375,3955.050048828125,3980,0,0
2021-06-11 09:55:00+05:30,3957.0,3969.89990234375,3954.35009765625,3967.39990234375,12253,0,0
2021-06-11 10:00:00+05:30,3968.85009765625,3968.85009765625,3956.300048828125,3956.300048828125,6144,0,0
2021-06-11 10:05:00+05:30,3956.300048828125,3965.0,3955.0,3957.0,3808,0,0
2021-06-11 10:10:00+05:30,3957.0,3959.75,3948.699951171875,3957.0,7067,0,0
2021-06-11 10:15:00+05:30,3955.949951171875,3957.25,3950.25,3951.25,3299,0,0
2021-06-11 10:20:00+05:30,3952.0,3959.699951171875,3947.89990234375,3957.10009765625,6526,0,0
2021-06-11 10:25:00+05:30,3957.10009765625,3986.949951171875,3955.550048828125,3980.0,26181,0,0
2021-06-11 10:30:00+05:30,3979.550048828125,3987.5,3963.449951171875,3981.5,16138,0,0
2021-06-11 10:35:00+05:30,3980.0,4005.0,3980.0,3995.300048828125,41583,0,0
2021-06-11 10:40:00+05:30,3997.449951171875,4004.0,3990.0,3994.75,14981,0,0
2021-06-11 10:45:00+05:30,3995.0,4008.35009765625,3991.699951171875,3991.699951171875,15540,0,0
2021-06-11 10:50:00+05:30,3994.89990234375,3995.39990234375,3981.050048828125,3986.5,9949,0,0
2021-06-11 10:55:00+05:30,3986.5,3990.85009765625,3981.0,3986.60009765625,7527,0,0
2021-06-11 11:00:00+05:30,3986.60009765625,3996.75,3983.550048828125,3992.35009765625,6239,0,0
2021-06-11 11:05:00+05:30,3992.35009765625,4002.0,3992.35009765625,3999.75,7957,0,0
2021-06-11 11:10:00+05:30,3999.699951171875,3999.699951171875,3982.10009765625,3982.10009765625,5575,0,0
2021-06-11 11:15:00+05:30,3982.0,3986.5,3972.0,3976.10009765625,10687,0,0
2021-06-11 11:20:00+05:30,3976.0,3988.35009765625,3976.0,3985.0,4150,0,0
2021-06-11 11:25:00+05:30,3986.10009765625,3991.35009765625,3981.050048828125,3987.0,3968,0,0
2021-06-11 11:30:00+05:30,3987.0,3987.449951171875,3980.0,3980.0,3376,0,0
2021-06-11 11:35:00+05:30,3980.0,3982.35009765625,3972.0,3982.0,5127,0,0
2021-06-11 11:40:00+05:30,3982.800048828125,3997.300048828125,3982.050048828125,3993.800048828125,6839,0,0
2021-06-11 11:45:00+05:30,3993.800048828125,4000.0,3992.0,3996.699951171875,8711,0,0
2021-06-11 11:50:00+05:30,3996.64990234375,4005.85009765625,3993.0,4001.89990234375,11961,0,0
2021-06-11 11:55:00+05:30,4001.89990234375,4005.0,3985.25,3985.25,8660,0,0
2021-06-11 12:00:00+05:30,3985.300048828125,3994.75,3985.300048828125,3992.10009765625,2716,0,0
2021-06-11 12:05:00+05:30,3992.10009765625,3992.10009765625,3980.39990234375,3983.14990234375,5432,0,0
2021-06-11 12:10:00+05:30,3983.550048828125,3985.0,3966.699951171875,3981.60009765625,16438,0,0
2021-06-11 12:15:00+05:30,3979.25,3990.0,3978.0,3983.0,4552,0,0
2021-06-11 12:20:00+05:30,3983.0,3995.35009765625,3982.39990234375,3988.300048828125,7269,0,0
2021-06-11 12:25:00+05:30,3987.60009765625,3993.0,3987.0,3992.0,4652,0,0
2021-06-11 12:30:00+05:30,3992.0,3994.949951171875,3986.0,3990.199951171875,5853,0,0
2021-06-11 12:35:00+05:30,3989.800048828125,3991.5,3985.85009765625,3987.0,5136,0,0
2021-06-11 12:40:00+05:30,3987.0,3987.0,3981.10009765625,3986.949951171875,4370,0,0
2021-06-11 12:45:00+05:30,3985.10009765625,3987.0,3978.0,3981.85009765625,3875,0,0
2021-06-11 12:50:00+05:30,3983.699951171875,3985.0,3979.0,3979.0,2278,0,0
2021-06-11 12:55:00+05:30,3978.550048828125,3981.449951171875,3973.25,3980.0,3453,0,0
2021-06-11 13:00:00+05:30,3981.75,3984.89990234375,3974.64990234375,3975.0,3298,0,0
2021-06-11 13:05:00+05:30,3974.949951171875,3982.0,3973.0,3975.050048828125,2501,0,0
2021-06-11 13:10:00+05:30,3975.0,3987.199951171875,3975.0,3985.39990234375,4273,0,0
2021-06-11 13:15:00+05:30,3985.0,3988.0,3983.550048828125,3984.85009765625,2861,0,0
2021-06-11 13:20:00+05:30,3985.0,3986.25,3977.0,3982.0,3057,0,0
2021-06-11 13:25:00+05:30,3982.0,3985.0,3977.35009765625,3983.5,2601,0,0
2021-06-11 13:30:00+05:30,3985.0,3987.64990234375,3982.39990234375,3983.300048828125,2344,0,0
2021-06-11 13:35:00+05:30,3983.300048828125,3987.39990234375,3983.25,3986.699951171875,1759,0,0
2021-06-11 13:40:00+05:30,3985.0,3988.0,3978.0,3978.800048828125,6083,0,0
2021-06-11 13:45:00+05:30,3978.75,3982.0,3973.0,3981.949951171875,9245,0,0
2021-06-11 13:50:00+05:30,3981.949951171875,3982.35009765625,3976.14990234375,3981.39990234375,1837,0,0
2021-06-11 13:55:00+05:30,3980.60009765625,3984.699951171875,3978.449951171875,3979.25,3132,0,0
2021-06-11 14:00:00+05:30,3981.14990234375,3985.0,3979.0,3984.39990234375,2177,0,0
2021-06-11 14:05:00+05:30,3984.39990234375,3985.39990234375,3977.0,3977.0,5118,0,0
2021-06-11 14:10:00+05:30,3977.10009765625,3980.5,3975.949951171875,3976.75,3207,0,0
2021-06-11 14:15:00+05:30,3977.75,3980.10009765625,3970.10009765625,3980.0,6241,0,0
2021-06-11 14:20:00+05:30,3980.0,3980.300048828125,3975.25,3977.050048828125,1910,0,0
2021-06-11 14:25:00+05:30,3977.050048828125,3980.0,3975.60009765625,3979.699951171875,3692,0,0
2021-06-11 14:30:00+05:30,3979.699951171875,3980.050048828125,3970.0,3970.10009765625,5046,0,0
2021-06-11 14:35:00+05:30,3971.949951171875,3977.949951171875,3970.0,3975.10009765625,5283,0,0
2021-06-11 14:40:00+05:30,3975.14990234375,3980.39990234375,3974.699951171875,3979.85009765625,5051,0,0
2021-06-11 14:45:00+05:30,3980.0,3980.0,3976.0,3978.699951171875,3434,0,0
2021-06-11 14:50:00+05:30,3978.699951171875,3978.699951171875,3967.5,3977.39990234375,7463,0,0
2021-06-11 14:55:00+05:30,3976.39990234375,3980.0,3973.5,3980.0,5317,0,0
2021-06-11 15:00:00+05:30,3980.0,3980.39990234375,3974.0,3975.25,6271,0,0
2021-06-11 15:05:00+05:30,3978.10009765625,3979.800048828125,3975.0,3978.0,5562,0,0
2021-06-11 15:10:00+05:30,3978.949951171875,3979.0,3975.0,3979.0,8035,0,0
2021-06-11 15:15:00+05:30,3979.0,3981.199951171875,3970.0,3974.39990234375,14758,0,0
2021-06-11 15:20:00+05:30,3974.39990234375,3988.25,3973.199951171875,3986.050048828125,12780,0,0
2021-06-11 15:25:00+05:30,3986.0,3988.0,3975.10009765625,3978.949951171875,5498,0,0
2021-06-14 09:15:00+05:30,4013.0,4013.0,3975.050048828125,3994.89990234375,0,0,0
2021-06-14 09:20:00+05:30,3991.449951171875,3995.0,3930.050048828125,3935.0,24803,0,0
2021-06-14 09:25:00+05:30,3936.0,3940.5,3899.199951171875,3911.39990234375,18185,0,0
2021-06-14 09:30:00+05:30,3913.64990234375,3916.0,3873.10009765625,3887.39990234375,18858,0,0
2021-06-14 09:35:00+05:30,3887.199951171875,3919.949951171875,3885.5,3918.60009765625,11334,0,0
2021-06-14 09:40:00+05:30,3916.449951171875,3921.699951171875,3908.0,3912.85009765625,10232,0,0
2021-06-14 09:45:00+05:30,3912.300048828125,3924.10009765625,3907.14990234375,3921.050048828125,8945,0,0
2021-06-14 09:50:00+05:30,3921.0,3938.89990234375,3918.39990234375,3934.39990234375,16709,0,0
2021-06-14 09:55:00+05:30,3937.699951171875,3952.0,3930.10009765625,3941.85009765625,14837,0,0
2021-06-14 10:00:00+05:30,3942.14990234375,3945.0,3907.949951171875,3915.5,10220,0,0
2021-06-14 10:05:00+05:30,3915.5,3918.949951171875,3890.0,3905.0,15430,0,0
2021-06-14 10:10:00+05:30,3905.0,3914.949951171875,3896.0,3905.800048828125,6775,0,0
2021-06-14 10:15:00+05:30,3905.0,3915.0,3905.0,3907.199951171875,2874,0,0
2021-06-14 10:20:00+05:30,3906.0,3915.699951171875,3900.0,3902.75,5236,0,0
2021-06-14 10:25:00+05:30,3905.0,3915.0,3902.75,3910.050048828125,2828,0,0
2021-06-14 10:30:00+05:30,3910.050048828125,3915.0,3910.0,3913.300048828125,3118,0,0
2021-06-14 10:35:00+05:30,3913.300048828125,3915.0,3899.550048828125,3903.0,9920,0,0
2021-06-14 10:40:00+05:30,3903.0,3906.949951171875,3901.0,3904.60009765625,1716,0,0
2021-06-14 10:45:00+05:30,3905.0,3907.0,3901.050048828125,3901.050048828125,1454,0,0
2021-06-14 10:50:00+05:30,3901.0,3910.949951171875,3896.0,3900.10009765625,3466,0,0
2021-06-14 10:55:00+05:30,3900.10009765625,3908.0,3900.050048828125,3905.0,1571,0,0
2021-06-14 11:00:00+05:30,3906.949951171875,3914.0,3902.0,3906.0,4027,0,0
2021-06-14 11:05:00+05:30,3903.550048828125,3907.60009765625,3893.89990234375,3893.89990234375,3615,0,0
2021-06-14 11:10:00+05:30,3893.10009765625,3910.0,3890.0,3909.949951171875,2785,0,0
2021-06-14 11:15:00+05:30,3910.0,3913.75,3905.0,3911.0,3623,0,0
2021-06-14 11:20:00+05:30,3911.0,3916.050048828125,3905.14990234375,3905.14990234375,4836,0,0
2021-06-14 11:25:00+05:30,3905.14990234375,3910.800048828125,3898.35009765625,3908.75,3835,0,0
2021-06-14 11:30:00+05:30,3908.75,3915.0,3906.0,3912.800048828125,4408,0,0
2021-06-14 11:35:00+05:30,3914.89990234375,3917.550048828125,3909.25,3909.5,1748,0,0
2021-06-14 11:40:00+05:30,3910.60009765625,3917.300048828125,3909.5,3915.800048828125,1412,0,0
2021-06-14 11:45:00+05:30,3915.800048828125,3916.0,3900.0,3900.050048828125,4655,0,0
2021-06-14 11:50:00+05:30,3899.0,3906.10009765625,3895.0,3903.550048828125,2980,0,0
2021-06-14 11:55:00+05:30,3903.60009765625,3911.25,3903.5,3907.60009765625,2095,0,0
2021-06-14 12:00:00+05:30,3907.699951171875,3910.64990234375,3896.10009765625,3901.300048828125,4826,0,0
2021-06-14 12:05:00+05:30,3901.300048828125,3908.050048828125,3900.050048828125,3904.89990234375,802,0,0
2021-06-14 12:10:00+05:30,3904.89990234375,3909.75,3903.199951171875,3905.10009765625,1963,0,0
2021-06-14 12:15:00+05:30,3906.25,3910.85009765625,3900.10009765625,3904.949951171875,2770,0,0
2021-06-14 12:20:00+05:30,3904.949951171875,3909.35009765625,3902.0,3902.0,3632,0,0
2021-06-14 12:25:00+05:30,3902.0,3911.0,3902.0,3905.199951171875,1890,0,0
2021-06-14 12:30:00+05:30,3905.199951171875,3910.0,3902.0,3902.14990234375,2326,0,0
2021-06-14 12:35:00+05:30,3904.550048828125,3910.0,3902.39990234375,3906.0,2040,0,0
2021-06-14 12:40:00+05:30,3906.0,3909.89990234375,3905.0,3908.39990234375,1060,0,0
2021-06-14 12:45:00+05:30,3906.050048828125,3909.449951171875,3905.0,3906.14990234375,2061,0,0
2021-06-14 12:50:00+05:30,3905.550048828125,3913.10009765625,3903.0,3903.0,8472,0,0
2021-06-14 12:55:00+05:30,3903.0,3909.35009765625,3903.0,3908.800048828125,1995,0,0
2021-06-14 13:00:00+05:30,3907.449951171875,3910.89990234375,3903.64990234375,3910.0,3109,0,0
2021-06-14 13:05:00+05:30,3908.050048828125,3912.0,3907.199951171875,3911.0,2802,0,0
2021-06-14 13:10:00+05:30,3909.10009765625,3911.949951171875,3902.550048828125,3902.64990234375,3994,0,0
2021-06-14 13:15:00+05:30,3902.550048828125,3904.39990234375,3902.550048828125,3903.0,1100,0,0
2021-06-14 13:20:00+05:30,3902.800048828125,3913.0,3895.60009765625,3903.0,12170,0,0
2021-06-14 13:25:00+05:30,3903.0,3907.0,3899.0,3904.75,2311,0,0
2021-06-14 13:30:00+05:30,3904.75,3908.60009765625,3900.800048828125,3905.5,2497,0,0
2021-06-14 13:35:00+05:30,3905.5,3909.0,3902.050048828125,3908.050048828125,1174,0,0
2021-06-14 13:40:00+05:30,3908.050048828125,3910.0,3906.0,3907.10009765625,1943,0,0
2021-06-14 13:45:00+05:30,3907.0,3910.0,3902.0,3905.10009765625,2901,0,0
2021-06-14 13:50:00+05:30,3905.699951171875,3914.0,3904.0,3909.699951171875,4719,0,0
2021-06-14 13:55:00+05:30,3909.89990234375,3909.89990234375,3900.75,3906.949951171875,3946,0,0
2021-06-14 14:00:00+05:30,3909.89990234375,3910.0,3902.800048828125,3908.85009765625,3588,0,0
2021-06-14 14:05:00+05:30,3906.449951171875,3909.89990234375,3906.0,3909.0,1746,0,0
2021-06-14 14:10:00+05:30,3906.60009765625,3908.75,3900.75,3904.199951171875,3089,0,0
2021-06-14 14:15:00+05:30,3902.10009765625,3909.300048828125,3902.0,3906.050048828125,2028,0,0
2021-06-14 14:20:00+05:30,3907.800048828125,3909.5,3898.0,3898.0,5143,0,0
2021-06-14 14:25:00+05:30,3898.0,3905.949951171875,3897.949951171875,3900.0,2465,0,0
2021-06-14 14:30:00+05:30,3901.10009765625,3905.0,3898.0,3900.0,1714,0,0
2021-06-14 14:35:00+05:30,3900.0,3907.949951171875,3899.949951171875,3904.0,3307,0,0
2021-06-14 14:40:00+05:30,3904.050048828125,3905.85009765625,3900.0,3900.0,2565,0,0
2021-06-14 14:45:00+05:30,3900.0,3905.75,3898.0,3902.0,2818,0,0
2021-06-14 14:50:00+05:30,3901.949951171875,3902.449951171875,3891.10009765625,3895.0,5755,0,0
2021-06-14 14:55:00+05:30,3895.0,3900.0,3893.85009765625,3899.25,4637,0,0
2021-06-14 15:00:00+05:30,3900.60009765625,3904.0,3896.5,3902.199951171875,7525,0,0
2021-06-14 15:05:00+05:30,3900.050048828125,3905.0,3892.5,3900.050048828125,12883,0,0
2021-06-14 15:10:00+05:30,3902.0,3908.0,3895.0,3900.10009765625,14842,0,0
2021-06-14 15:15:00+05:30,3900.0,3920.0,3895.25,3919.0,17685,0,0
2021-06-14 15:20:00+05:30,3919.0,3925.0,3911.5,3920.050048828125,13445,0,0
2021-06-14 15:25:00+05:30,3920.050048828125,3927.0,3917.39990234375,3924.0,7063,0,0
2021-06-15 09:15:00+05:30,3927.89990234375,3963.699951171875,3925.5,3953.800048828125,0,0,0
2021-06-15 09:20:00+05:30,3954.89990234375,3965.0,3950.0,3957.60009765625,12712,0,0
2021-06-15 09:25:00+05:30,3955.0,3967.550048828125,3954.60009765625,3962.300048828125,7696,0,0
2021-06-15 09:30:00+05:30,3961.35009765625,3968.89990234375,3945.35009765625,3966.75,11977,0,0
2021-06-15 09:35:00+05:30,3964.0,3979.5,3961.39990234375,3974.89990234375,16940,0,0
2021-06-15 09:40:00+05:30,3975.0,3975.0,3962.0,3965.949951171875,4897,0,0
2021-06-15 09:45:00+05:30,3965.0,3966.0,3950.0,3954.25,4843,0,0
2021-06-15 09:50:00+05:30,3953.050048828125,3965.0,3951.64990234375,3957.0,3617,0,0
2021-06-15 09:55:00+05:30,3954.39990234375,3963.0,3948.35009765625,3956.60009765625,5797,0,0
2021-06-15 10:00:00+05:30,3957.10009765625,3960.949951171875,3952.550048828125,3954.550048828125,1396,0,0
2021-06-15 10:05:00+05:30,3954.550048828125,3957.39990234375,3950.0,3950.0,1713,0,0
2021-06-15 10:10:00+05:30,3950.10009765625,3955.0,3949.60009765625,3952.0,2589,0,0
2021-06-15 10:15:00+05:30,3952.0,3955.949951171875,3950.0,3952.64990234375,1741,0,0
2021-06-15 10:20:00+05:30,3952.5,3958.85009765625,3952.199951171875,3957.39990234375,1187,0,0
2021-06-15 10:25:00+05:30,3956.14990234375,3964.050048828125,3956.14990234375,3961.550048828125,2645,0,0
2021-06-15 10:30:00+05:30,3963.60009765625,3969.0,3960.10009765625,3966.050048828125,1968,0,0
2021-06-15 10:35:00+05:30,3968.199951171875,3969.0,3964.050048828125,3964.14990234375,1625,0,0
2021-06-15 10:40:00+05:30,3964.949951171875,3969.64990234375,3964.14990234375,3964.550048828125,1579,0,0
2021-06-15 10:45:00+05:30,3964.550048828125,3964.550048828125,3960.0,3963.699951171875,1930,0,0
2021-06-15 10:50:00+05:30,3962.60009765625,3962.60009765625,3956.0,3962.0,2323,0,0
2021-06-15 10:55:00+05:30,3960.60009765625,3961.89990234375,3958.0,3961.89990234375,467,0,0
2021-06-15 11:00:00+05:30,3958.39990234375,3961.10009765625,3957.0,3959.949951171875,585,0,0
2021-06-15 11:05:00+05:30,3959.89990234375,3965.449951171875,3957.35009765625,3959.64990234375,874,0,0
2021-06-15 11:10:00+05:30,3959.199951171875,3962.0,3957.0,3957.0,561,0,0
2021-06-15 11:15:00+05:30,3957.0,3959.35009765625,3950.0,3952.0,1734,0,0
2021-06-15 11:20:00+05:30,3952.0,3955.35009765625,3952.0,3952.050048828125,556,0,0
2021-06-15 11:25:00+05:30,3952.0,3958.60009765625,3952.0,3958.0,1061,0,0
2021-06-15 11:30:00+05:30,3956.5,3958.0,3952.0,3954.699951171875,973,0,0
2021-06-15 11:35:00+05:30,3952.449951171875,3954.64990234375,3952.449951171875,3952.800048828125,353,0,0
2021-06-15 11:40:00+05:30,3954.60009765625,3954.89990234375,3952.550048828125,3954.85009765625,543,0,0
2021-06-15 11:45:00+05:30,3952.60009765625,3965.0,3952.60009765625,3962.199951171875,2727,0,0
2021-06-15 11:50:00+05:30,3962.550048828125,3975.0,3962.39990234375,3971.800048828125,7091,0,0
2021-06-15 11:55:00+05:30,3970.0,3979.0,3969.949951171875,3975.0,5152,0,0
2021-06-15 12:00:00+05:30,3974.0,3975.89990234375,3965.0,3967.050048828125,1598,0,0
2021-06-15 12:05:00+05:30,3965.0,3967.0,3960.0,3963.199951171875,1743,0,0
2021-06-15 12:10:00+05:30,3966.449951171875,3979.0,3966.449951171875,3979.0,3225,0,0
2021-06-15 12:15:00+05:30,3977.949951171875,3989.0,3973.35009765625,3979.699951171875,11502,0,0
2021-06-15 12:20:00+05:30,3977.449951171875,3979.5,3961.85009765625,3973.35009765625,4167,0,0
2021-06-15 12:25:00+05:30,3970.449951171875,3974.0,3965.5,3969.949951171875,838,0,0
2021-06-15 12:30:00+05:30,3968.85009765625,3969.949951171875,3965.050048828125,3968.10009765625,971,0,0
2021-06-15 12:35:00+05:30,3966.14990234375,3969.699951171875,3965.199951171875,3968.800048828125,793,0,0
2021-06-15 12:40:00+05:30,3968.800048828125,3979.949951171875,3968.75,3978.300048828125,1624,0,0
2021-06-15 12:45:00+05:30,3978.0,3987.0,3975.14990234375,3979.300048828125,5407,0,0
2021-06-15 12:50:00+05:30,3976.89990234375,3978.75,3966.050048828125,3973.300048828125,4047,0,0
2021-06-15 12:55:00+05:30,3975.050048828125,3977.449951171875,3971.050048828125,3974.60009765625,1741,0,0
2021-06-15 13:00:00+05:30,3974.449951171875,3977.89990234375,3967.0,3968.949951171875,2007,0,0
2021-06-15 13:05:00+05:30,3968.0,3971.949951171875,3965.0,3965.14990234375,2411,0,0
2021-06-15 13:10:00+05:30,3965.0,3969.550048828125,3965.0,3966.5,1135,0,0
2021-06-15 13:15:00+05:30,3968.10009765625,3968.449951171875,3962.0,3962.0,1879,0,0
2021-06-15 13:20:00+05:30,3962.0,3964.14990234375,3956.0,3960.85009765625,2585,0,0
2021-06-15 13:25:00+05:30,3960.35009765625,3966.85009765625,3960.0,3965.10009765625,1774,0,0
2021-06-15 13:30:00+05:30,3963.550048828125,3965.10009765625,3957.050048828125,3957.10009765625,2536,0,0
2021-06-15 13:35:00+05:30,3957.050048828125,3959.89990234375,3953.0,3953.449951171875,2123,0,0
2021-06-15 13:40:00+05:30,3953.10009765625,3959.35009765625,3953.10009765625,3958.60009765625,1932,0,0
2021-06-15 13:45:00+05:30,3958.60009765625,3960.0,3955.5,3959.800048828125,1733,0,0
2021-06-15 13:50:00+05:30,3959.800048828125,3963.75,3958.5,3963.75,1125,0,0
2021-06-15 13:55:00+05:30,3965.0,3974.0,3963.85009765625,3970.699951171875,4273,0,0
2021-06-15 14:00:00+05:30,3970.550048828125,3975.949951171875,3965.0,3966.39990234375,5917,0,0
2021-06-15 14:05:00+05:30,3965.25,3967.800048828125,3958.0,3958.199951171875,3549,0,0
2021-06-15 14:10:00+05:30,3957.25,3961.60009765625,3956.25,3957.75,1635,0,0
2021-06-15 14:15:00+05:30,3959.60009765625,3959.89990234375,3953.5,3954.949951171875,3050,0,0
2021-06-15 14:20:00+05:30,3954.39990234375,3955.0,3950.25,3952.550048828125,3379,0,0
2021-06-15 14:25:00+05:30,3951.0,3960.5,3947.0,3948.64990234375,7630,0,0
2021-06-15 14:30:00+05:30,3947.10009765625,3948.5,3939.10009765625,3939.10009765625,4221,0,0
2021-06-15 14:35:00+05:30,3939.10009765625,3940.050048828125,3937.0,3939.550048828125,2705,0,0
2021-06-15 14:40:00+05:30,3939.60009765625,3940.050048828125,3930.89990234375,3933.449951171875,7783,0,0
2021-06-15 14:45:00+05:30,3931.699951171875,3938.449951171875,3930.0,3932.14990234375,1234,0,0
2021-06-15 14:50:00+05:30,3931.050048828125,3937.10009765625,3931.050048828125,3933.199951171875,1789,0,0
2021-06-15 14:55:00+05:30,3933.89990234375,3942.75,3933.199951171875,3941.050048828125,4014,0,0
2021-06-15 15:00:00+05:30,3941.800048828125,3950.949951171875,3937.300048828125,3937.300048828125,7231,0,0
2021-06-15 15:05:00+05:30,3938.14990234375,3939.949951171875,3934.0,3936.0,3545,0,0
2021-06-15 15:10:00+05:30,3936.550048828125,3956.75,3935.5,3954.5,5431,0,0
2021-06-15 15:15:00+05:30,3955.449951171875,3955.449951171875,3939.39990234375,3946.0,6256,0,0
2021-06-15 15:20:00+05:30,3946.14990234375,3952.89990234375,3943.5,3950.10009765625,7201,0,0
2021-06-15 15:25:00+05:30,3950.0,3950.050048828125,3935.0,3944.85009765625,3971,0,0
2021-06-16 09:15:00+05:30,3962.800048828125,3987.550048828125,3954.64990234375,3983.35009765625,0,0,0
2021-06-16 09:20:00+05:30,3983.35009765625,3983.35009765625,3965.0,3970.85009765625,7707,0,0
2021-06-16 09:25:00+05:30,3969.0,3971.0,3938.050048828125,3943.0,15913,0,0
2021-06-16 09:30:00+05:30,3941.050048828125,3944.0,3925.35009765625,3942.75,11592,0,0
2021-06-16 09:35:00+05:30,3943.14990234375,3951.89990234375,3940.0,3951.89990234375,4096,0,0
2021-06-16 09:40:00+05:30,3951.89990234375,3951.89990234375,3932.35009765625,3939.5,5069,0,0
2021-06-16 09:45:00+05:30,3937.75,3940.0,3925.449951171875,3930.949951171875,5758,0,0
2021-06-16 09:50:00+05:30,3930.300048828125,3949.949951171875,3928.0,3947.85009765625,3967,0,0
2021-06-16 09:55:00+05:30,3947.0,3949.449951171875,3941.0,3945.5,3448,0,0
2021-06-16 10:00:00+05:30,3945.10009765625,3951.300048828125,3936.949951171875,3940.60009765625,2796,0,0
2021-06-16 10:05:00+05:30,3940.0,3941.60009765625,3931.10009765625,3933.949951171875,2912,0,0
2021-06-16 10:10:00+05:30,3933.5,3934.0,3927.14990234375,3927.699951171875,4954,0,0
2021-06-16 10:15:00+05:30,3927.699951171875,3932.64990234375,3914.949951171875,3925.550048828125,9966,0,0
2021-06-16 10:20:00+05:30,3924.60009765625,3929.75,3921.0,3925.550048828125,1846,0,0
2021-06-16 10:25:00+05:30,3924.60009765625,3926.199951171875,3915.0,3917.050048828125,2537,0,0
2021-06-16 10:30:00+05:30,3915.199951171875,3922.699951171875,3911.0,3922.449951171875,2970,0,0
2021-06-16 10:35:00+05:30,3920.5,3928.0,3920.10009765625,3921.5,1788,0,0
2021-06-16 10:40:00+05:30,3921.5,3928.0,3921.5,3923.64990234375,801,0,0
2021-06-16 10:45:00+05:30,3923.699951171875,3925.0,3920.60009765625,3924.0,844,0,0
2021-06-16 10:50:00+05:30,3925.0,3927.0,3921.0,3923.449951171875,855,0,0
2021-06-16 10:55:00+05:30,3921.25,3922.60009765625,3915.0,3919.0,2349,0,0
2021-06-16 11:00:00+05:30,3919.64990234375,3926.10009765625,3919.60009765625,3926.0,866,0,0
2021-06-16 11:05:00+05:30,3924.550048828125,3938.14990234375,3924.550048828125,3935.949951171875,4620,0,0
2021-06-16 11:10:00+05:30,3935.75,3951.0,3935.199951171875,3948.0,7563,0,0
2021-06-16 11:15:00+05:30,3948.0,3959.300048828125,3944.35009765625,3955.699951171875,5350,0,0
2021-06-16 11:20:00+05:30,3955.800048828125,3958.5,3947.449951171875,3950.449951171875,3067,0,0
2021-06-16 11:25:00+05:30,3949.050048828125,3950.949951171875,3947.64990234375,3949.14990234375,1673,0,0
2021-06-16 11:30:00+05:30,3949.14990234375,3958.0,3947.050048828125,3957.75,3564,0,0
2021-06-16 11:35:00+05:30,3955.300048828125,3965.0,3955.0,3960.0,4552,0,0
2021-06-16 11:40:00+05:30,3960.0,3969.35009765625,3960.0,3965.85009765625,5035,0,0
2021-06-16 11:45:00+05:30,3965.949951171875,3979.0,3965.0,3975.949951171875,9239,0,0
2021-06-16 11:50:00+05:30,3975.949951171875,3975.949951171875,3970.39990234375,3971.25,4992,0,0
2021-06-16 11:55:00+05:30,3970.0,3973.89990234375,3963.050048828125,3971.0,3323,0,0
2021-06-16 12:00:00+05:30,3970.39990234375,3985.0,3970.39990234375,3975.60009765625,8016,0,0
2021-06-16 12:05:00+05:30,3976.0,3983.199951171875,3974.0,3976.35009765625,3177,0,0
2021-06-16 12:10:00+05:30,3974.10009765625,3976.800048828125,3971.0,3974.10009765625,1962,0,0
2021-06-16 12:15:00+05:30,3974.10009765625,3976.75,3972.300048828125,3975.949951171875,1970,0,0
2021-06-16 12:20:00+05:30,3974.25,3976.800048828125,3973.300048828125,3973.300048828125,1811,0,0
2021-06-16 12:25:00+05:30,3973.300048828125,3980.0,3967.050048828125,3977.800048828125,5101,0,0
2021-06-16 12:30:00+05:30,3977.39990234375,3979.449951171875,3970.0,3970.0,1337,0,0
2021-06-16 12:35:00+05:30,3970.25,3973.949951171875,3965.0,3966.0,1893,0,0
2021-06-16 12:40:00+05:30,3965.0,3965.0,3955.0,3963.800048828125,4228,0,0
2021-06-16 12:45:00+05:30,3961.050048828125,3967.449951171875,3960.39990234375,3963.0,1292,0,0
2021-06-16 12:50:00+05:30,3962.699951171875,3966.050048828125,3960.0,3966.050048828125,767,0,0
2021-06-16 12:55:00+05:30,3965.949951171875,3968.14990234375,3963.39990234375,3963.39990234375,803,0,0
2021-06-16 13:00:00+05:30,3963.300048828125,3979.949951171875,3963.300048828125,3977.949951171875,1795,0,0
2021-06-16 13:05:00+05:30,3977.550048828125,4009.85009765625,3977.550048828125,4003.949951171875,34895,0,0
2021-06-16 13:10:00+05:30,4003.0,4014.800048828125,3996.050048828125,4007.199951171875,23475,0,0
2021-06-16 13:15:00+05:30,4004.85009765625,4025.0,4004.85009765625,4024.0,31502,0,0
2021-06-16 13:20:00+05:30,4024.89990234375,4026.0,4015.0,4021.699951171875,15231,0,0
2021-06-16 13:25:00+05:30,4019.550048828125,4021.0,4001.10009765625,4002.699951171875,13408,0,0
2021-06-16 13:30:00+05:30,4003.0,4014.949951171875,4001.0,4014.89990234375,10765,0,0
2021-06-16 13:35:00+05:30,4011.89990234375,4014.949951171875,4006.0,4010.5,5231,0,0
2021-06-16 13:40:00+05:30,4008.60009765625,4011.0,4007.85009765625,4009.699951171875,1362,0,0
2021-06-16 13:45:00+05:30,4008.0,4015.0,4008.0,4012.0,3180,0,0
2021-06-16 13:50:00+05:30,4012.0,4014.0,4005.60009765625,4012.0,3989,0,0
2021-06-16 13:55:00+05:30,4010.449951171875,4023.0,4010.449951171875,4016.89990234375,7878,0,0
2021-06-16 14:00:00+05:30,4010.0,4012.64990234375,4006.0,4007.60009765625,5821,0,0
2021-06-16 14:05:00+05:30,4007.64990234375,4019.10009765625,4007.64990234375,4012.39990234375,3181,0,0
2021-06-16 14:10:00+05:30,4012.199951171875,4014.75,4009.0,4010.25,2115,0,0
2021-06-16 14:15:00+05:30,4009.0,4011.949951171875,4008.64990234375,4009.0,1378,0,0
2021-06-16 14:20:00+05:30,4009.050048828125,4020.0,4009.050048828125,4015.0,5034,0,0
2021-06-16 14:25:00+05:30,4017.14990234375,4019.0,4013.0,4016.0,3713,0,0
2021-06-16 14:30:00+05:30,4016.0,4016.0,4005.0,4005.050048828125,5109,0,0
2021-06-16 14:35:00+05:30,4005.10009765625,4009.949951171875,4004.0,4004.0,5390,0,0
2021-06-16 14:40:00+05:30,4004.0,4009.75,4002.89990234375,4004.0,3724,0,0
2021-06-16 14:45:00+05:30,4004.0,4008.0,4002.10009765625,4006.800048828125,2903,0,0
2021-06-16 14:50:00+05:30,4004.75,4009.949951171875,4004.0,4007.699951171875,2447,0,0
2021-06-16 14:55:00+05:30,4007.699951171875,4008.39990234375,4004.60009765625,4004.64990234375,2554,0,0
2021-06-16 15:00:00+05:30,4005.39990234375,4005.5,3981.050048828125,3989.0,18518,0,0
2021-06-16 15:05:00+05:30,3988.5,3991.949951171875,3978.699951171875,3983.0,8275,0,0
2021-06-16 15:10:00+05:30,3983.0,3983.0,3961.199951171875,3966.89990234375,8903,0,0
2021-06-16 15:15:00+05:30,3966.39990234375,3971.699951171875,3960.0,3960.0,9405,0,0
2021-06-16 15:20:00+05:30,3963.0,3969.10009765625,3960.0,3965.949951171875,5664,0,0
2021-06-16 15:25:00+05:30,3965.25,3977.5,3960.050048828125,3977.5,4796,0,0
2021-06-17 09:15:00+05:30,3963.699951171875,3998.800048828125,3941.14990234375,3988.699951171875,0,0,0
2021-06-17 09:20:00+05:30,3989.300048828125,4015.0,3985.0,4013.89990234375,12609,0,0
2021-06-17 09:25:00+05:30,4011.0,4014.0,4003.39990234375,4007.449951171875,7145,0,0
2021-06-17 09:30:00+05:30,4005.0,4007.449951171875,3984.449951171875,3998.949951171875,9007,0,0
2021-06-17 09:35:00+05:30,3996.75,3998.75,3980.64990234375,3988.0,5371,0,0
2021-06-17 09:40:00+05:30,3986.050048828125,3995.0,3985.10009765625,3990.0,2098,0,0
2021-06-17 09:45:00+05:30,3990.10009765625,3990.10009765625,3985.050048828125,3988.39990234375,2031,0,0
2021-06-17 09:50:00+05:30,3988.0,3993.0,3982.050048828125,3990.14990234375,4669,0,0
2021-06-17 09:55:00+05:30,3988.25,3992.949951171875,3986.5,3990.0,2531,0,0
2021-06-17 10:00:00+05:30,3988.10009765625,3992.5,3985.10009765625,3985.300048828125,1840,0,0
2021-06-17 10:05:00+05:30,3987.949951171875,3988.35009765625,3982.0,3986.0,2970,0,0
2021-06-17 10:10:00+05:30,3982.949951171875,3987.5,3975.300048828125,3981.0,3381,0,0
2021-06-17 10:15:00+05:30,3980.800048828125,3981.0,3976.699951171875,3977.0,1245,0,0
2021-06-17 10:20:00+05:30,3977.5,3978.14990234375,3968.0,3976.050048828125,4963,0,0
2021-06-17 10:25:00+05:30,3977.5,3994.949951171875,3975.699951171875,3989.60009765625,5696,0,0
2021-06-17 10:30:00+05:30,3987.75,4003.0,3987.0,4003.0,5434,0,0
2021-06-17 10:35:00+05:30,4003.0,4005.949951171875,3990.5,3995.800048828125,4938,0,0
2021-06-17 10:40:00+05:30,3993.75,4002.0,3993.35009765625,3996.0,1672,0,0
2021-06-17 10:45:00+05:30,3995.0,3995.949951171875,3989.949951171875,3991.800048828125,974,0,0
2021-06-17 10:50:00+05:30,3991.800048828125,3992.449951171875,3987.050048828125,3989.39990234375,1059,0,0
2021-06-17 10:55:00+05:30,3991.85009765625,4000.0,3989.39990234375,3998.39990234375,1744,0,0
2021-06-17 11:00:00+05:30,3998.39990234375,3998.39990234375,3993.85009765625,3997.5,859,0,0
2021-06-17 11:05:00+05:30,3997.449951171875,3998.0,3995.050048828125,3997.5,354,0,0
2021-06-17 11:10:00+05:30,3992.25,3997.449951171875,3992.050048828125,3993.050048828125,1183,0,0
2021-06-17 11:15:00+05:30,3993.0,3994.0,3991.75,3993.35009765625,747,0,0
2021-06-17 11:20:00+05:30,3993.35009765625,3995.89990234375,3991.949951171875,3995.89990234375,368,0,0
2021-06-17 11:25:00+05:30,3993.60009765625,3997.0,3992.949951171875,3995.300048828125,712,0,0
2021-06-17 11:30:00+05:30,3994.0,3995.0,3985.0,3987.199951171875,873,0,0
2021-06-17 11:35:00+05:30,3985.0,3988.300048828125,3978.800048828125,3978.800048828125,3541,0,0
2021-06-17 11:40:00+05:30,3980.0,3992.550048828125,3980.0,3991.75,1422,0,0
2021-06-17 11:45:00+05:30,3991.64990234375,3991.64990234375,3980.0,3980.5,1928,0,0
2021-06-17 11:50:00+05:30,3980.5,3982.89990234375,3966.35009765625,3972.0,5803,0,0
2021-06-17 11:55:00+05:30,3972.75,3972.75,3966.25,3969.64990234375,2918,0,0
2021-06-17 12:00:00+05:30,3969.550048828125,3979.0,3967.0,3978.0,2276,0,0
2021-06-17 12:05:00+05:30,3979.0,3986.0,3978.0,3986.0,2057,0,0
2021-06-17 12:10:00+05:30,3986.0,3986.0,3983.0,3984.0,411,0,0
2021-06-17 12:15:00+05:30,3984.0,3984.75,3975.0,3980.0,934,0,0
2021-06-17 12:20:00+05:30,3979.14990234375,3980.85009765625,3977.10009765625,3978.75,312,0,0
2021-06-17 12:25:00+05:30,3980.85009765625,3980.85009765625,3975.0,3980.0,476,0,0
2021-06-17 12:30:00+05:30,3976.300048828125,3982.0,3975.300048828125,3979.699951171875,734,0,0
2021-06-17 12:35:00+05:30,3979.699951171875,3989.0,3979.64990234375,3988.0,1238,0,0
2021-06-17 12:40:00+05:30,3988.0,3988.35009765625,3985.0,3987.0,3548,0,0
2021-06-17 12:45:00+05:30,3985.85009765625,3994.89990234375,3984.300048828125,3994.85009765625,1604,0,0
2021-06-17 12:50:00+05:30,3993.60009765625,3998.949951171875,3986.5,3987.0,2816,0,0
2021-06-17 12:55:00+05:30,3989.60009765625,3994.89990234375,3987.0,3991.0,212,0,0
2021-06-17 13:00:00+05:30,3991.0,3997.0,3989.85009765625,3993.050048828125,1226,0,0
2021-06-17 13:05:00+05:30,3993.5,3993.89990234375,3987.0,3991.949951171875,806,0,0
2021-06-17 13:10:00+05:30,3991.949951171875,3993.0,3986.0,3991.60009765625,531,0,0
2021-06-17 13:15:00+05:30,3990.050048828125,3991.85009765625,3987.300048828125,3988.5,1036,0,0
2021-06-17 13:20:00+05:30,3988.39990234375,3988.39990234375,3980.0,3982.89990234375,1784,0,0
2021-06-17 13:25:00+05:30,3982.89990234375,3987.800048828125,3982.14990234375,3987.0,1189,0,0
2021-06-17 13:30:00+05:30,3985.300048828125,3990.0,3983.800048828125,3989.89990234375,865,0,0
2021-06-17 13:35:00+05:30,3988.5,3989.89990234375,3987.25,3988.35009765625,926,0,0
2021-06-17 13:40:00+05:30,3989.449951171875,3989.5,3981.60009765625,3988.050048828125,707,0,0
2021-06-17 13:45:00+05:30,3987.949951171875,3989.5,3980.0,3985.0,673,0,0
2021-06-17 13:50:00+05:30,3983.75,3984.199951171875,3977.050048828125,3979.0,1785,0,0
2021-06-17 13:55:00+05:30,3980.0,3982.949951171875,3977.199951171875,3979.949951171875,1130,0,0
2021-06-17 14:00:00+05:30,3979.550048828125,3979.949951171875,3977.10009765625,3979.0,2036,0,0
2021-06-17 14:05:00+05:30,3979.0,3979.199951171875,3970.0,3970.5,2408,0,0
2021-06-17 14:10:00+05:30,3971.0,3972.5,3962.10009765625,3967.14990234375,6109,0,0
2021-06-17 14:15:00+05:30,3968.85009765625,3972.39990234375,3965.449951171875,3966.550048828125,3842,0,0
2021-06-17 14:20:00+05:30,3966.0,3971.0,3956.949951171875,3966.89990234375,3526,0,0
2021-06-17 14:25:00+05:30,3967.0,3971.949951171875,3960.25,3965.0,5819,0,0
2021-06-17 14:30:00+05:30,3965.0,3979.10009765625,3963.0,3967.550048828125,2731,0,0
2021-06-17 14:35:00+05:30,3969.5,3971.85009765625,3963.199951171875,3966.300048828125,3499,0,0
2021-06-17 14:40:00+05:30,3966.199951171875,3969.5,3959.050048828125,3968.0,3342,0,0
2021-06-17 14:45:00+05:30,3968.0,3972.550048828125,3960.85009765625,3963.949951171875,3927,0,0
2021-06-17 14:50:00+05:30,3963.800048828125,3971.10009765625,3963.60009765625,3967.5,4868,0,0
2021-06-17 14:55:00+05:30,3969.5,3972.0,3967.0,3968.050048828125,2520,0,0
2021-06-17 15:00:00+05:30,3968.800048828125,3984.39990234375,3968.800048828125,3975.0,5274,0,0
2021-06-17 15:05:00+05:30,3973.300048828125,3979.949951171875,3971.449951171875,3978.300048828125,4432,0,0
2021-06-17 15:10:00+05:30,3975.89990234375,3983.5,3973.800048828125,3980.199951171875,3441,0,0
2021-06-17 15:15:00+05:30,3982.64990234375,3988.10009765625,3976.0,3983.0,8874,0,0
2021-06-17 15:20:00+05:30,3983.25,3986.39990234375,3971.0,3971.050048828125,10542,0,0
2021-06-17 15:25:00+05:30,3971.050048828125,3980.5,3971.050048828125,3978.60009765625,4138,0,0
2021-06-18 09:15:00+05:30,4010.0,4044.449951171875,4000.0,4037.85009765625,0,0,0
2021-06-18 09:20:00+05:30,4038.14990234375,4043.0,4015.050048828125,4040.300048828125,18651,0,0
2021-06-18 09:25:00+05:30,4043.0,4045.0,4024.64990234375,4027.5,10107,0,0
2021-06-18 09:30:00+05:30,4026.85009765625,4030.0,4008.14990234375,4012.0,14529,0,0
2021-06-18 09:35:00+05:30,4012.0,4021.85009765625,4005.35009765625,4006.60009765625,8972,0,0
2021-06-18 09:40:00+05:30,4006.60009765625,4010.449951171875,3985.14990234375,3989.35009765625,17027,0,0
2021-06-18 09:45:00+05:30,3987.050048828125,3992.050048828125,3970.0,3971.550048828125,10399,0,0
2021-06-18 09:50:00+05:30,3970.050048828125,3981.949951171875,3941.050048828125,3962.800048828125,13606,0,0
2021-06-18 09:55:00+05:30,3960.449951171875,3966.5,3954.5,3961.449951171875,3581,0,0
2021-06-18 10:00:00+05:30,3959.14990234375,3975.39990234375,3940.0,3970.550048828125,11110,0,0
2021-06-18 10:05:00+05:30,3972.199951171875,3985.0,3965.25,3979.550048828125,8305,0,0
2021-06-18 10:10:00+05:30,3978.85009765625,3984.300048828125,3975.0,3980.89990234375,4798,0,0
2021-06-18 10:15:00+05:30,3982.0,3988.0,3980.0,3982.199951171875,3956,0,0
2021-06-18 10:20:00+05:30,3980.050048828125,3984.800048828125,3966.25,3966.949951171875,4103,0,0
2021-06-18 10:25:00+05:30,3969.300048828125,3973.10009765625,3932.0,3936.5,12306,0,0
2021-06-18 10:30:00+05:30,3943.39990234375,3955.0,3940.0,3951.89990234375,4461,0,0
2021-06-18 10:35:00+05:30,3950.10009765625,3956.0,3946.550048828125,3951.0,5537,0,0
2021-06-18 10:40:00+05:30,3950.0,3952.0,3942.0,3945.64990234375,2476,0,0
2021-06-18 10:45:00+05:30,3946.0,3960.0,3942.0,3952.0,3401,0,0
2021-06-18 10:50:00+05:30,3950.0,3950.0,3922.300048828125,3925.199951171875,6886,0,0
2021-06-18 10:55:00+05:30,3925.35009765625,3929.89990234375,3870.0,3870.75,20006,0,0
2021-06-18 11:00:00+05:30,3870.050048828125,3935.0,3870.050048828125,3910.39990234375,13322,0,0
2021-06-18 11:05:00+05:30,3912.89990234375,3919.64990234375,3900.0,3912.85009765625,4163,0,0
2021-06-18 11:10:00+05:30,3913.25,3939.25,3912.800048828125,3933.5,6696,0,0
2021-06-18 11:15:00+05:30,3933.5,3962.25,3932.449951171875,3962.25,8057,0,0
2021-06-18 11:20:00+05:30,3957.39990234375,3962.60009765625,3950.10009765625,3955.0,4551,0,0
2021-06-18 11:25:00+05:30,3955.050048828125,3955.85009765625,3943.85009765625,3948.39990234375,4932,0,0
2021-06-18 11:30:00+05:30,3948.35009765625,3952.0,3925.050048828125,3937.10009765625,4554,0,0
2021-06-18 11:35:00+05:30,3936.64990234375,3945.35009765625,3934.199951171875,3935.300048828125,1253,0,0
2021-06-18 11:40:00+05:30,3935.199951171875,3960.0,3931.050048828125,3955.699951171875,3499,0,0
2021-06-18 11:45:00+05:30,3953.0,3957.199951171875,3944.0,3950.300048828125,1093,0,0
2021-06-18 11:50:00+05:30,3950.949951171875,3955.949951171875,3950.949951171875,3955.5,730,0,0
2021-06-18 11:55:00+05:30,3955.5,3958.949951171875,3952.0,3957.89990234375,1049,0,0
2021-06-18 12:00:00+05:30,3955.050048828125,3960.0,3955.050048828125,3959.0,966,0,0
2021-06-18 12:05:00+05:30,3956.10009765625,3958.949951171875,3953.0,3953.0,638,0,0
2021-06-18 12:10:00+05:30,3952.050048828125,3952.550048828125,3940.0,3950.199951171875,2724,0,0
2021-06-18 12:15:00+05:30,3950.0,3956.0,3950.0,3955.0,503,0,0
2021-06-18 12:20:00+05:30,3955.0,3957.64990234375,3952.300048828125,3957.64990234375,632,0,0
2021-06-18 12:25:00+05:30,3954.449951171875,3959.89990234375,3954.0,3958.300048828125,474,0,0
2021-06-18 12:30:00+05:30,3955.60009765625,3970.89990234375,3952.25,3958.699951171875,3282,0,0
2021-06-18 12:35:00+05:30,3956.75,3974.0,3956.75,3972.0,2169,0,0
2021-06-18 12:40:00+05:30,3969.64990234375,3986.75,3969.64990234375,3985.89990234375,5337,0,0
2021-06-18 12:45:00+05:30,3983.14990234375,3987.0,3972.300048828125,3972.300048828125,8149,0,0
2021-06-18 12:50:00+05:30,3972.300048828125,3983.64990234375,3968.10009765625,3972.449951171875,3801,0,0
2021-06-18 12:55:00+05:30,3969.199951171875,3972.449951171875,3956.0,3956.10009765625,2863,0,0
2021-06-18 13:00:00+05:30,3955.0,3959.199951171875,3948.0,3951.60009765625,2275,0,0
2021-06-18 13:05:00+05:30,3950.0,3955.0,3948.949951171875,3950.0,2207,0,0
2021-06-18 13:10:00+05:30,3949.85009765625,3959.14990234375,3948.0,3952.10009765625,975,0,0
2021-06-18 13:15:00+05:30,3950.75,3954.699951171875,3948.949951171875,3948.949951171875,818,0,0
2021-06-18 13:20:00+05:30,3948.85009765625,3963.60009765625,3947.0,3963.0,1968,0,0
2021-06-18 13:25:00+05:30,3961.699951171875,3961.699951171875,3948.800048828125,3949.75,955,0,0
2021-06-18 13:30:00+05:30,3949.5,3960.0,3947.050048828125,3951.5,2451,0,0
2021-06-18 13:35:00+05:30,3949.35009765625,3960.0,3945.0,3947.800048828125,3818,0,0
2021-06-18 13:40:00+05:30,3945.0,3953.39990234375,3940.0,3950.35009765625,2930,0,0
2021-06-18 13:45:00+05:30,3950.35009765625,3960.0,3950.10009765625,3951.5,1700,0,0
2021-06-18 13:50:00+05:30,3950.800048828125,3959.0,3950.5,3955.949951171875,1372,0,0
2021-06-18 13:55:00+05:30,3955.89990234375,3970.0,3954.5,3969.85009765625,3169,0,0
2021-06-18 14:00:00+05:30,3969.0,3977.75,3965.0,3972.5,3531,0,0
2021-06-18 14:05:00+05:30,3972.300048828125,3975.0,3969.14990234375,3973.64990234375,1791,0,0
2021-06-18 14:10:00+05:30,3974.0,3974.0,3968.0,3970.75,720,0,0
2021-06-18 14:15:00+05:30,3970.64990234375,3972.5,3966.35009765625,3972.5,1773,0,0
2021-06-18 14:20:00+05:30,3972.5,3973.89990234375,3957.949951171875,3965.14990234375,3735,0,0
2021-06-18 14:25:00+05:30,3963.949951171875,3970.300048828125,3953.10009765625,3961.89990234375,3955,0,0
2021-06-18 14:30:00+05:30,3961.89990234375,3972.0,3957.89990234375,3970.14990234375,1508,0,0
2021-06-18 14:35:00+05:30,3971.0,3971.89990234375,3960.10009765625,3965.14990234375,2289,0,0
2021-06-18 14:40:00+05:30,3963.10009765625,3974.0,3959.0,3974.0,5029,0,0
2021-06-18 14:45:00+05:30,3973.949951171875,3978.0,3970.0,3970.0,2673,0,0
2021-06-18 14:50:00+05:30,3970.0,3980.0,3967.60009765625,3975.0,1977,0,0
2021-06-18 14:55:00+05:30,3973.85009765625,3979.64990234375,3967.050048828125,3975.64990234375,4149,0,0
2021-06-18 15:00:00+05:30,3972.449951171875,3977.0,3952.0,3962.25,6846,0,0
2021-06-18 15:05:00+05:30,3962.300048828125,3969.949951171875,3954.60009765625,3968.0,5221,0,0
2021-06-18 15:10:00+05:30,3968.0,3971.0,3955.050048828125,3969.050048828125,9736,0,0
2021-06-18 15:15:00+05:30,3973.949951171875,3981.0,3972.550048828125,3980.10009765625,6135,0,0
2021-06-18 15:20:00+05:30,3979.14990234375,3985.0,3967.35009765625,3976.699951171875,12837,0,0
2021-06-18 15:25:00+05:30,3976.89990234375,3990.0,3971.050048828125,3971.050048828125,6536,0,0
2021-06-21 09:15:00+05:30,3950.0,3950.0,3890.800048828125,3905.39990234375,0,0,0
2021-06-21 09:20:00+05:30,3911.14990234375,3949.949951171875,3902.10009765625,3935.75,10100,0,0
2021-06-21 09:25:00+05:30,3935.949951171875,3959.949951171875,3931.800048828125,3947.64990234375,9504,0,0
2021-06-21 09:30:00+05:30,3947.0,3952.0,3930.0,3935.050048828125,4549,0,0
2021-06-21 09:35:00+05:30,3932.300048828125,3942.0,3917.5,3935.75,5311,0,0
2021-06-21 09:40:00+05:30,3936.0,3937.699951171875,3932.0,3935.35009765625,1824,0,0
2021-06-21 09:45:00+05:30,3935.35009765625,3935.75,3923.0,3923.449951171875,1503,0,0
2021-06-21 09:50:00+05:30,3923.10009765625,3925.89990234375,3911.0,3915.800048828125,5650,0,0
2021-06-21 09:55:00+05:30,3913.5,3920.300048828125,3913.25,3917.199951171875,7409,0,0
2021-06-21 10:00:00+05:30,3915.10009765625,3924.199951171875,3911.0,3911.0,6003,0,0
2021-06-21 10:05:00+05:30,3911.0,3929.300048828125,3910.0,3927.14990234375,6507,0,0
2021-06-21 10:10:00+05:30,3928.050048828125,3931.949951171875,3920.0,3923.199951171875,2400,0,0
2021-06-21 10:15:00+05:30,3923.25,3939.0,3923.25,3939.0,4211,0,0
2021-06-21 10:20:00+05:30,3937.300048828125,3948.699951171875,3937.300048828125,3943.85009765625,3992,0,0
2021-06-21 10:25:00+05:30,3941.75,3947.0,3937.10009765625,3940.699951171875,1294,0,0
2021-06-21 10:30:00+05:30,3940.39990234375,3943.0,3935.35009765625,3938.14990234375,979,0,0
2021-06-21 10:35:00+05:30,3936.300048828125,3945.0,3935.39990234375,3937.0,938,0,0
2021-06-21 10:40:00+05:30,3937.39990234375,3944.300048828125,3937.39990234375,3941.699951171875,369,0,0
2021-06-21 10:45:00+05:30,3941.75,3944.39990234375,3925.050048828125,3925.050048828125,2436,0,0
2021-06-21 10:50:00+05:30,3927.25,3933.199951171875,3920.699951171875,3931.449951171875,2755,0,0
2021-06-21 10:55:00+05:30,3931.550048828125,3939.949951171875,3925.60009765625,3926.0,3348,0,0
2021-06-21 11:00:00+05:30,3925.0,3938.0,3913.0,3934.10009765625,10101,0,0
2021-06-21 11:05:00+05:30,3934.10009765625,3958.0,3929.35009765625,3956.14990234375,11827,0,0
2021-06-21 11:10:00+05:30,3954.85009765625,3968.0,3954.85009765625,3960.35009765625,4446,0,0
2021-06-21 11:15:00+05:30,3960.199951171875,3962.39990234375,3944.550048828125,3958.75,5164,0,0
2021-06-21 11:20:00+05:30,3955.75,3972.0,3951.75,3969.89990234375,3517,0,0
2021-06-21 11:25:00+05:30,3969.89990234375,3982.85009765625,3964.0,3982.0,4994,0,0
2021-06-21 11:30:00+05:30,3982.0,3990.0,3976.60009765625,3976.60009765625,10416,0,0
2021-06-21 11:35:00+05:30,3976.949951171875,3983.85009765625,3975.35009765625,3976.0,1710,0,0
2021-06-21 11:40:00+05:30,3976.050048828125,3979.949951171875,3970.949951171875,3972.0,2231,0,0
2021-06-21 11:45:00+05:30,3972.5,3989.0,3972.5,3976.5,6289,0,0
2021-06-21 11:50:00+05:30,3975.300048828125,3990.0,3975.300048828125,3987.0,5684,0,0
2021-06-21 11:55:00+05:30,3987.0,3989.0,3981.64990234375,3981.64990234375,1983,0,0
2021-06-21 12:00:00+05:30,3982.10009765625,3989.949951171875,3980.550048828125,3986.550048828125,3600,0,0
2021-06-21 12:05:00+05:30,3986.89990234375,3988.35009765625,3972.0,3972.0,2380,0,0
2021-06-21 12:10:00+05:30,3972.0,3976.0,3972.0,3972.5,1376,0,0
2021-06-21 12:15:00+05:30,3972.0,3974.75,3966.050048828125,3966.050048828125,1618,0,0
2021-06-21 12:20:00+05:30,3966.449951171875,3974.5,3965.050048828125,3970.85009765625,1479,0,0
2021-06-21 12:25:00+05:30,3972.550048828125,3980.0,3970.300048828125,3978.85009765625,1550,0,0
2021-06-21 12:30:00+05:30,3977.5,3990.0,3977.0,3985.85009765625,2815,0,0
2021-06-21 12:35:00+05:30,3988.14990234375,3993.0,3969.25,3970.300048828125,3800,0,0
2021-06-21 12:40:00+05:30,3970.0,3974.60009765625,3967.39990234375,3970.0,1948,0,0
2021-06-21 12:45:00+05:30,3970.0,3973.0,3960.0,3973.0,3673,0,0
2021-06-21 12:50:00+05:30,3973.050048828125,3981.0,3971.25,3981.0,2549,0,0
2021-06-21 12:55:00+05:30,3979.10009765625,3989.0,3977.60009765625,3989.0,2293,0,0
2021-06-21 13:00:00+05:30,3987.25,3999.0,3980.25,3998.300048828125,4626,0,0
2021-06-21 13:05:00+05:30,3996.75,3999.050048828125,3988.0,3995.0,2505,0,0
2021-06-21 13:10:00+05:30,3994.050048828125,3999.449951171875,3993.050048828125,3997.0,2304,0,0
2021-06-21 13:15:00+05:30,3994.050048828125,3997.5,3972.0,3975.0,3412,0,0
2021-06-21 13:20:00+05:30,3977.0,3989.64990234375,3977.0,3987.199951171875,1354,0,0
2021-06-21 13:25:00+05:30,3987.35009765625,3993.0,3981.60009765625,3987.449951171875,2803,0,0
2021-06-21 13:30:00+05:30,3989.75,3999.85009765625,3986.5,3999.550048828125,3790,0,0
2021-06-21 13:35:00+05:30,3996.14990234375,3999.89990234375,3992.800048828125,3998.300048828125,2094,0,0
2021-06-21 13:40:00+05:30,3998.35009765625,4005.0,3995.0,3997.0,3917,0,0
2021-06-21 13:45:00+05:30,3997.0,3998.0,3981.0,3983.85009765625,2384,0,0
2021-06-21 13:50:00+05:30,3983.89990234375,3993.5,3983.0,3993.5,1475,0,0
2021-06-21 13:55:00+05:30,3991.800048828125,4005.0,3989.25,4001.0,2862,0,0
2021-06-21 14:00:00+05:30,4001.550048828125,4010.0,4001.0,4004.0,5553,0,0
2021-06-21 14:05:00+05:30,4004.5,4009.39990234375,4000.0,4007.39990234375,2117,0,0
2021-06-21 14:10:00+05:30,4010.0,4014.75,3995.39990234375,3999.89990234375,3761,0,0
2021-06-21 14:15:00+05:30,3998.64990234375,4001.949951171875,3985.050048828125,3985.35009765625,3269,0,0
2021-06-21 14:20:00+05:30,3985.60009765625,3997.75,3985.35009765625,3996.0,2164,0,0
2021-06-21 14:25:00+05:30,3994.300048828125,4000.0,3986.050048828125,3992.10009765625,1384,0,0
2021-06-21 14:30:00+05:30,3994.85009765625,3998.0,3989.050048828125,3992.949951171875,1526,0,0
2021-06-21 14:35:00+05:30,3992.949951171875,4005.0,3987.39990234375,4000.800048828125,2981,0,0
2021-06-21 14:40:00+05:30,4000.800048828125,4003.0,3996.0,3998.0,1859,0,0
2021-06-21 14:45:00+05:30,4000.89990234375,4001.800048828125,3995.10009765625,3996.949951171875,2046,0,0
2021-06-21 14:50:00+05:30,4000.449951171875,4005.0,3998.0,4000.449951171875,2318,0,0
2021-06-21 14:55:00+05:30,4001.14990234375,4004.89990234375,3988.60009765625,3999.199951171875,4580,0,0
2021-06-21 15:00:00+05:30,4001.699951171875,4002.0,3988.25,3996.449951171875,2947,0,0
2021-06-21 15:05:00+05:30,3995.449951171875,4003.949951171875,3993.14990234375,4002.0,3669,0,0
2021-06-21 15:10:00+05:30,4003.89990234375,4013.0,4000.5,4010.0,5419,0,0
2021-06-21 15:15:00+05:30,4007.60009765625,4013.0,4005.050048828125,4010.050048828125,4815,0,0
2021-06-21 15:20:00+05:30,4012.0,4028.75,4007.699951171875,4008.85009765625,14155,0,0
2021-06-21 15:25:00+05:30,4009.10009765625,4015.0,3980.800048828125,4008.64990234375,6885,0,0
2021-06-22 09:15:00+05:30,4043.25,4043.25,3990.0,4013.800048828125,0,0,0
2021-06-22 09:20:00+05:30,4010.0,4023.14990234375,4000.14990234375,4008.949951171875,13976,0,0
2021-06-22 09:25:00+05:30,4012.449951171875,4022.199951171875,4008.300048828125,4018.0,4591,0,0
2021-06-22 09:30:00+05:30,4016.300048828125,4030.550048828125,4013.14990234375,4026.89990234375,6388,0,0
2021-06-22 09:35:00+05:30,4027.0,4031.5,4022.050048828125,4029.64990234375,5990,0,0
2021-06-22 09:40:00+05:30,4029.64990234375,4032.14990234375,4017.0,4019.25,6658,0,0
2021-06-22 09:45:00+05:30,4018.85009765625,4038.89990234375,4018.85009765625,4027.0,8705,0,0
2021-06-22 09:50:00+05:30,4025.0,4027.0,4012.0,4016.75,5119,0,0
2021-06-22 09:55:00+05:30,4017.550048828125,4025.0,4017.300048828125,4018.39990234375,1724,0,0
2021-06-22 10:00:00+05:30,4018.199951171875,4022.550048828125,4005.0,4013.050048828125,5345,0,0
2021-06-22 10:05:00+05:30,4012.5,4019.949951171875,4010.5,4013.0,3133,0,0
2021-06-22 10:10:00+05:30,4015.0,4015.89990234375,4012.64990234375,4012.64990234375,1304,0,0
2021-06-22 10:15:00+05:30,4013.0,4017.5,4013.0,4016.5,970,0,0
2021-06-22 10:20:00+05:30,4019.0,4022.0,4009.0,4009.0,3252,0,0
2021-06-22 10:25:00+05:30,4011.85009765625,4014.35009765625,4009.300048828125,4012.0,1722,0,0
2021-06-22 10:30:00+05:30,4012.0,4017.199951171875,4012.0,4013.0,1480,0,0
2021-06-22 10:35:00+05:30,4013.0,4017.0,4013.0,4014.449951171875,1182,0,0
2021-06-22 10:40:00+05:30,4014.449951171875,4017.0,4005.0,4012.0,4643,0,0
2021-06-22 10:45:00+05:30,4007.0,4014.0,4000.0,4009.60009765625,9177,0,0
2021-06-22 10:50:00+05:30,4009.60009765625,4022.10009765625,4003.60009765625,4019.699951171875,5710,0,0
2021-06-22 10:55:00+05:30,4019.699951171875,4025.35009765625,4019.050048828125,4025.25,3055,0,0
2021-06-22 11:00:00+05:30,4024.800048828125,4030.0,4015.300048828125,4017.199951171875,6055,0,0
2021-06-22 11:05:00+05:30,4017.35009765625,4025.0,4013.050048828125,4024.949951171875,3833,0,0
2021-06-22 11:10:00+05:30,4024.949951171875,4028.0,4021.199951171875,4027.35009765625,2095,0,0
2021-06-22 11:15:00+05:30,4027.35009765625,4028.0,4021.5,4025.0,2629,0,0
2021-06-22 11:20:00+05:30,4025.0,4030.0,4021.199951171875,4024.449951171875,4226,0,0
2021-06-22 11:25:00+05:30,4024.0,4029.449951171875,4023.0,4026.949951171875,1128,0,0
2021-06-22 11:30:00+05:30,4027.25,4030.0,4020.0,4020.0,2929,0,0
2021-06-22 11:35:00+05:30,4020.0,4031.0,4020.0,4030.85009765625,3352,0,0
2021-06-22 11:40:00+05:30,4028.800048828125,4030.64990234375,4021.0,4027.5,5288,0,0
2021-06-22 11:45:00+05:30,4029.699951171875,4030.199951171875,4024.300048828125,4027.5,2174,0,0
2021-06-22 11:50:00+05:30,4028.64990234375,4033.800048828125,4021.0,4027.35009765625,7251,0,0
2021-06-22 11:55:00+05:30,4029.35009765625,4032.85009765625,4025.35009765625,4027.300048828125,716,0,0
2021-06-22 12:00:00+05:30,4027.25,4028.050048828125,4011.0,4012.10009765625,5313,0,0
2021-06-22 12:05:00+05:30,4015.85009765625,4024.64990234375,4013.050048828125,4015.0,1890,0,0
2021-06-22 12:10:00+05:30,4015.10009765625,4022.0,4014.60009765625,4017.300048828125,1640,0,0
2021-06-22 12:15:00+05:30,4016.800048828125,4022.0,4016.800048828125,4020.64990234375,175,0,0
2021-06-22 12:20:00+05:30,4022.0,4022.0,4012.64990234375,4013.0,1440,0,0
2021-06-22 12:25:00+05:30,4014.75,4016.0,4003.0,4005.60009765625,4797,0,0
2021-06-22 12:30:00+05:30,4006.0,4014.0,4003.0,4012.0,2165,0,0
2021-06-22 12:35:00+05:30,4012.0,4013.800048828125,4002.0,4006.64990234375,2272,0,0
2021-06-22 12:40:00+05:30,4009.300048828125,4010.35009765625,4000.0,4002.300048828125,2699,0,0
2021-06-22 12:45:00+05:30,4004.300048828125,4012.199951171875,4001.64990234375,4007.699951171875,1759,0,0
2021-06-22 12:50:00+05:30,4007.0,4014.300048828125,4007.0,4008.75,1074,0,0
2021-06-22 12:55:00+05:30,4008.300048828125,4010.89990234375,4007.5,4007.5,696,0,0
2021-06-22 13:00:00+05:30,4008.0,4008.0,4003.0,4005.199951171875,1367,0,0
2021-06-22 13:05:00+05:30,4004.5,4011.60009765625,4003.0,4008.800048828125,1197,0,0
2021-06-22 13:10:00+05:30,4008.550048828125,4015.0,4008.550048828125,4012.60009765625,739,0,0
2021-06-22 13:15:00+05:30,4015.0,4018.0,4013.5,4016.0,825,0,0
2021-06-22 13:20:00+05:30,4015.75,4020.5,4003.0,4005.0,7228,0,0
2021-06-22 13:25:00+05:30,4006.0,4006.949951171875,3990.0,3994.0,6362,0,0
2021-06-22 13:30:00+05:30,3993.949951171875,3996.89990234375,3993.0,3996.0,1892,0,0
2021-06-22 13:35:00+05:30,3996.0,4000.0,3992.64990234375,3992.64990234375,2539,0,0
2021-06-22 13:40:00+05:30,3994.85009765625,4000.0,3992.60009765625,3998.14990234375,702,0,0
2021-06-22 13:45:00+05:30,3999.0,4000.0,3995.0,3997.85009765625,1706,0,0
2021-06-22 13:50:00+05:30,3997.85009765625,3999.89990234375,3996.0,3999.89990234375,725,0,0
2021-06-22 13:55:00+05:30,3998.699951171875,4002.699951171875,3998.0,3999.89990234375,1233,0,0
2021-06-22 14:00:00+05:30,3997.699951171875,4000.25,3996.050048828125,3996.5,1028,0,0
2021-06-22 14:05:00+05:30,3997.300048828125,3997.449951171875,3985.0,3997.0,2691,0,0
2021-06-22 14:10:00+05:30,3997.0,4003.449951171875,3995.89990234375,4002.0,1820,0,0
2021-06-22 14:15:00+05:30,4002.949951171875,4008.0,3996.64990234375,3998.199951171875,1575,0,0
2021-06-22 14:20:00+05:30,3997.75,4000.699951171875,3991.300048828125,3994.0,1808,0,0
2021-06-22 14:25:00+05:30,3994.0,4002.60009765625,3993.300048828125,3997.0,3155,0,0
2021-06-22 14:30:00+05:30,3997.0,4007.0,3995.0,4000.699951171875,2608,0,0
2021-06-22 14:35:00+05:30,4003.199951171875,4009.0,4000.25,4008.89990234375,2102,0,0
2021-06-22 14:40:00+05:30,4007.60009765625,4009.0,4003.64990234375,4008.0,1766,0,0
2021-06-22 14:45:00+05:30,4007.550048828125,4009.449951171875,3990.0,3992.10009765625,4408,0,0
2021-06-22 14:50:00+05:30,3992.10009765625,3997.14990234375,3987.050048828125,3990.300048828125,2681,0,0
2021-06-22 14:55:00+05:30,3990.300048828125,3998.25,3982.550048828125,3992.300048828125,5454,0,0
2021-06-22 15:00:00+05:30,3992.89990234375,3996.0,3989.300048828125,3989.449951171875,2615,0,0
2021-06-22 15:05:00+05:30,3990.14990234375,3990.14990234375,3981.64990234375,3986.199951171875,5663,0,0
2021-06-22 15:10:00+05:30,3988.0,3988.0,3966.0,3983.89990234375,9517,0,0
2021-06-22 15:15:00+05:30,3983.89990234375,3985.0,3971.89990234375,3972.550048828125,6805,0,0
2021-06-22 15:20:00+05:30,3972.35009765625,3977.60009765625,3964.14990234375,3975.89990234375,10755,0,0
2021-06-22 15:25:00+05:30,3975.89990234375,3983.949951171875,3972.199951171875,3978.64990234375,3952,0,0
